id_bbg,id,sector,FBM100,name
SIME MK Equity,B29TTR1,Automotive,True,Sime Darby Bhd
UMWH MK Equity,6910824,Automotive,False,UMW Holdings Bhd
ORH MK Equity,6661434,Automotive,False,Oriental Holdings BHD
DRB MK Equity,6269816,Automotive,True,DRB-Hicom Bhd
BAUTO MK Equity,BGLKMM6,Automotive,True,Bermaz Auto Bhd
MBM MK Equity,6550327,Automotive,False,MBM Resources BHD
PECCA MK Equity,BYPD8G3,Automotive,False,Pecca Group Bhd
TCM MK Equity,6871125,Automotive,False,Tan Chong Motor Holdings Bhd
APM MK Equity,6202792,Automotive,False,APM Automotive Holdings Bhd
PU MK Equity,6690104,Automotive,False,Paragon Union BHD
NHF MK Equity,6113043,Automotive,False,New Hoong Fatt Holdings Bhd
EPMB MK Equity,6302852,Automotive,False,EP Manufacturing Bhd
MAY MK Equity,6556325,Banks,True,Malayan Banking Bhd
PBK MK Equity,B012W42,Banks,True,Public Bank Bhd
CIMB MK Equity,6075745,Banks,True,CIMB Group Holdings Bhd
HLBK MK Equity,6436892,Banks,True,Hong Leong Bank Bhd
RHBBANK MK Equity,6244675,Banks,True,RHB Bank Bhd
AMM MK Equity,6047023,Banks,True,AMMB Holdings Bhd
ABMB MK Equity,6556938,Banks,True,Alliance Bank Malaysia Bhd
BIMB MK Equity,6100379,Banks,False,Bank Islam Malaysia Bhd
MBS MK Equity,6556789,Banks,True,Malaysia Building Society Bhd
ABANK MK Equity,6009454,Banks,True,AFFIN Bank Bhd
HEIM MK Equity,6397803,Brewery & Tobacco,True,Heineken Malaysia Bhd
CAB MK Equity,B09FGC9,Brewery & Tobacco,False,Carlsberg Brewery Malaysia Bhd
ROTH MK Equity,6752349,Brewery & Tobacco,True,British American Tobacco Malay
SSB8 MK Equity,B01BTP9,Construction,False,Southern Score Builders Bhd
MLG MK Equity,6712406,Construction,False,MGB Bhd
KKB MK Equity,6493488,Construction,False,KKB Engineering BHD
CITAGLB MK Equity,B2ND8F0,Construction,False,Citaglobal Bhd
MESTRON MK Equity,BKDZYC1,Construction,False,Mestron Holdings Bhd
KASB MK Equity,BF368L6,Construction,False,Kinergy Advancement Bhd
TRC MK Equity,6534592,Construction,False,TRC Synergy Bhd
HO MK Equity,6436717,Construction,False,Ho Hup Construction Co Bhd
EVSD MK Equity,B4QGNB1,Construction,False,Eversendai Corp Bhd
GAM MK Equity,6359881,Construction,True,Gamuda Bhd
CHIN MK Equity,BYXBL71,Construction,True,Chin Hin Group Bhd
YTL MK Equity,6436126,Construction,True,YTL Corp Bhd
IJM MK Equity,6455217,Construction,False,IJM Corp Bhd
LMC MK Equity,6556518,Construction,False,Malayan Cement Bhd
SCGB MK Equity,BX909K4,Construction,False,Sunway Construction Group Bhd
WCE MK Equity,6506104,Construction,False,WCE Holdings Bhd
KPG MK Equity,6912961,Construction,False,Kerjaya Prospek Group Bhd
MRC MK Equity,6557867,Construction,True,Malaysian Resources Corp Bhd
WGB MK Equity,B63NKB8,Construction,False,Widad Group Bhd
CMS MK Equity,6182861,Construction,False,Cahya Mata Sarawak Bhd
EKO MK Equity,6308010,Construction,False,Ekovest BHD
UEME MK Equity,6310985,Construction,False,UEM Edgenta Bhd
LSH MK Equity,BNNNGZ3,Construction,False,Lim Seong Hai Capital Bhd
WCTHG MK Equity,BBP6LY0,Construction,False,WCT Holdings Bhd
CHGP MK Equity,B00NLX8,Construction,False,Chin Hin Group Property Bhd
HUME MK Equity,6100863,Construction,False,Hume Cement Industries Bhd
MDJ MK Equity,B012521,Construction,False,Mudajaya Group Bhd
ECON MK Equity,BNG7Y25,Construction,False,Econpile Holdings Bhd
PINT MK Equity,6693266,Construction,False,Pintaras Jaya BHD
LTK MK Equity,6505491,Construction,False,Lingkaran Trans Kota Holdings
KICB MK Equity,B60JFL4,Construction,False,Kimlun Corp Bhd
NESTCON MK Equity,BMCPYX7,Construction,False,Nestcon Sdn Bhd
GKEN MK Equity,6490092,Construction,False,George Kent Malaysia BHD
HSS MK Equity,BYZKLK9,Construction,False,HSS Engineers Bhd
GNCB MK Equity,BG875N2,Construction,False,Gagasan Nadi Cergas Bhd
GADG MK Equity,6500388,Construction,False,Gadang Holdings BHD
FBC MK Equity,6095969,Construction,False,Fajarbaru Builder Group Bhd
DKLS MK Equity,6275567,Construction,False,DKLS Industries Bhd
OKAC MK Equity,6525983,Construction,False,Oka Corp BHD
MHB MK Equity,6599074,Construction,False,Mitrajaya Holdings Bhd
VINVEST MK Equity,B05LHT5,Construction,False,Vinvest Capital Holdings Bhd
AQRS MK Equity,B7RKJT3,Construction,False,Gabungan AQRS Bhd
SUNMOW MK Equity,BM9HMM1,Construction,False,Sunmow Holdings Bhd
GDB MK Equity,BFMN647,Construction,False,GDB Holdings Bhd
INTA MK Equity,BDVJR61,Construction,False,Inta Bina Group Bhd
SCIB MK Equity,6801133,Construction,False,Sarawak Consolidated Industrie
VZH MK Equity,6140568,Construction,False,Vizione Holdings Bhd
AZR MK Equity,6153362,Construction,False,Ahmad Zaki Resources Bhd
PRTA MK Equity,6674904,Construction,False,Protasco Bhd
MTI MK Equity,6225841,Consumer Discretionary,False,Magni-Tech Industries Bhd
FCW MK Equity,6083748,Consumer Discretionary,False,FCW Holdings BHD
MILUX MK Equity,6889612,Consumer Discretionary,False,Milux Corp BHD
MRDIY MK Equity,BN4JBJ9,Consumer Discretionary,True,MR DIY Group M Bhd
PAD MK Equity,6093167,Consumer Discretionary,True,Padini Holdings Bhd
BFD MK Equity,B58PZN9,Consumer Discretionary,True,Berjaya Food Bhd
PMM MK Equity,6572600,Consumer Discretionary,False,Panasonic Manufacturing Malays
SHMB MK Equity,6801519,Consumer Discretionary,False,Shangri-La Hotels Malaysia Bhd
AMW MK Equity,6024996,Consumer Discretionary,False,Amway Malaysia Holdings Bhd
ZHCB MK Equity,B1WD8F4,Consumer Discretionary,False,Zhulian Corp Bhd
ALN MK Equity,6038210,Consumer Discretionary,False,Atlan Holdings Bhd
SENHENG MK Equity,BP95XF6,Consumer Discretionary,False,Senheng New Retail Bhd
FHB MK Equity,6073813,Consumer Discretionary,False,Fiamma Holdings BHD
BON MK Equity,B1W2P83,Consumer Discretionary,False,Bonia Corp Bhd
INNATURE MK Equity,BKDMLR6,Consumer Discretionary,False,InNature Bhd
PKH MK Equity,6740979,Consumer Discretionary,False,Poh Kong Holdings Bhd
MNHB MK Equity,BDG1T00,Consumer Discretionary,False,Mynews Holdings Bhd
MUI MK Equity,6556756,Consumer Discretionary,False,Malayan United Industries Bhd
MARC MK Equity,B04ZNB2,Consumer Discretionary,False,Marco Holdings BHD
NCHB MK Equity,6524883,Consumer Discretionary,False,Niche Capital Emas Holdings BH
CRG MK Equity,BGSYZQ6,Consumer Discretionary,False,Carlo Rino Group Bhd
PKS MK Equity,6030409,Consumer Discretionary,False,Parkson Holdings Bhd
PROL MK Equity,6673699,Consumer Discretionary,False,Prolexus BHD
ABB MK Equity,6427227,Consumer Discretionary,False,Asia Brands BHD
PCCS MK Equity,6697644,Consumer Discretionary,False,PCCS Group BHD
PELI MK Equity,6799971,Consumer Services,False,Pelikan International Corp Bhd
TAFI MK Equity,B064179,Consumer Services,False,TAFI Industries Bhd
TWP MK Equity,6907440,Consumer Services,False,Tien Wah Press Holdings Bhd
DKSH MK Equity,6253176,Consumer Services,False,DKSH Holdings Malaysia Bhd
NGB MK Equity,B29H5B1,Consumer Services,False,Nextgreen Global Bhd
FMB MK Equity,6583486,Consumer Services,False,Fima Corp BHD
MBRIGHT MK Equity,6139823,Consumer Services,False,Meta Bright Group Bhd
AF MK Equity,6047465,Consumer Services,False,Asia File Corp BHD
OWG MK Equity,BTGQB89,Consumer Services,False,Only World Group Holdings Bhd
CFM MK Equity,6215626,Consumer Services,False,Computer Forms Malaysia Bhd
HHM MK Equity,6173683,Consumer Services,False,Harrisons Holdings Malaysia Bh
BORN MK Equity,B0JT319,Consumer Staples,False,Bahvest Resources Bhd
YENHER MK Equity,BP6DTV1,Consumer Staples,False,Yenher Holdings Bhd
NESZ MK Equity,6629335,Consumer Staples,True,Nestle Malaysia Bhd
QLG MK Equity,B00G234,Consumer Staples,True,QL Resources Bhd
FNH MK Equity,6555946,Consumer Staples,True,Fraser & Neave Holdings Bhd
GUAN MK Equity,B0742L9,Consumer Staples,True,Guan Chong Bhd
FFB MK Equity,BNDMT28,Consumer Staples,True,Farm Fresh Bhd
SEM MK Equity,BMN9S81,Consumer Staples,False,7-Eleven Malaysia Holdings Bhd
LHIB MK Equity,BHNC6X6,Consumer Staples,False,Leong Hup International Bhd
AEON MK Equity,6506160,Consumer Staples,True,Aeon Co M Bhd
DLM MK Equity,6289160,Consumer Staples,False,Dutch Lady Milk Industries BHD
PWRT MK Equity,B1XFDH6,Consumer Staples,False,Power Root Bhd
AJI MK Equity,6010973,Consumer Staples,False,Ajinomoto Malaysia Bhd
SYS MK Equity,6868815,Consumer Staples,False,SEG International BHD
KFB MK Equity,B0F1NS6,Consumer Staples,False,Kawan Food Bhd
MFL MK Equity,6556585,Consumer Staples,False,Malayan Flour Mills Bhd
HSI MK Equity,6296900,Consumer Staples,False,Hup Seng Industries Bhd
MSM MK Equity,B40GYF8,Consumer Staples,False,MSM Malaysia Holdings Bhd
CAN MK Equity,B0CSZR3,Consumer Staples,False,Can-One Bhd
CIH MK Equity,6159906,Consumer Staples,False,CI Holdings Bhd
SPZ MK Equity,6286398,Consumer Staples,False,Spritzer BHD
CABC MK Equity,6726515,Consumer Staples,False,CAB Cakaran Corp Bhd
NTPM MK Equity,6603362,Consumer Staples,False,NTPM Holdings Bhd
CCK MK Equity,6086231,Consumer Staples,False,CCK Consolidated Holdings BHD
ABLE MK Equity,6710723,Consumer Staples,False,Able Global Bhd
TARE MK Equity,6534945,Consumer Staples,False,Three-A Resources BHD
BESHOM MK Equity,6407122,Consumer Staples,False,Beshom Holdings Bhd
APOF MK Equity,6045470,Consumer Staples,False,Apollo Food Holdings Bhd
MAGH MK Equity,B0HWY40,Consumer Staples,False,Mag Holdings Bhd
SDS MK Equity,BJNFPY3,Consumer Staples,False,SDS Group Bhd
OFIH MK Equity,6282114,Consumer Staples,False,Oriental Food Industries Holdi
TSCB MK Equity,B1VP2N7,Consumer Staples,False,Teo Seng Capital Bhd
PTRB MK Equity,BMGH2X5,Consumer Staples,False,RESOURCES HOLDINGS BHD PT
LAY MK Equity,6508520,Consumer Staples,False,Lay Hong BHD
LTKM MK Equity,6219822,Consumer Staples,False,LTKM BHD
XLH MK Equity,6419945,Consumer Staples,False,XL Holdings BHD
PIE MK Equity,6264996,EMS,False,PIE Industrial BHD
SALUT MK Equity,BYMJ734,EMS,False,Salutica Bhd
EITA MK Equity,B7Z7KV5,EMS,False,EITA Resources Bhd
VSI MK Equity,6113429,EMS,True,VS Industry Bhd
SFPTECH MK Equity,BLD6YZ4,EMS,False,SFP Tech Holdings Bhd
SKP MK Equity,B03DHR1,EMS,True,SKP Resources Bhd
UCHI MK Equity,B00PSW2,EMS,True,Uchi Technologies Bhd
CEB MK Equity,BN2CDR2,EMS,False,Cape Ems Manufacturing M Sdn B
ATECH MK Equity,BMYQG54,EMS,False,Aurelius Technologies Bhd
KOBAY MK Equity,6013671,EMS,False,Kobay Technology BHD
FOR MK Equity,6348395,EMS,False,Formosa Prosonic Industries BH
EG MK Equity,6253154,EMS,False,EG Industries Bhd
QES MK Equity,BG00JS2,EMS,False,QES Group Bhd
CNERGEN MK Equity,BP2G1P2,EMS,False,Cnergenz Bhd
AIB MK Equity,6730011,EMS,False,ATA IMS Bhd
BETA MK Equity,BNDS7N3,EMS,False,Betamek Bhd
SCP MK Equity,6715171,EMS,False,Scope Industries Bhd
PETRONM MK Equity,6321590,Energy,False,Petron Malaysia Refining & Mar
HYR MK Equity,6803504,Energy,True,Hengyuan Refining Co Bhd
PETD MK Equity,6695938,Energy,True,Petronas Dagangan Bhd
HLFG MK Equity,6436450,Financial,True,Hong Leong Financial Group Bhd
BURSA MK Equity,B06FV38,Financial,True,Bursa Malaysia Bhd
LPI MK Equity,6522672,Financial,False,LPI Capital Bhd
ACSM MK Equity,B29H4P8,Financial,False,AEON Credit Service M Bhd
STMB MK Equity,6808123,Financial,True,Syarikat Takaful Malaysia Kelu
ALLZ MK Equity,6552464,Financial,False,Allianz Malaysia Bhd
HLG MK Equity,6989200,Financial,True,Hong Leong Capital Bhd
RCE MK Equity,B012W31,Financial,False,RCE Capital Bhd
MNRB MK Equity,6543101,Financial,False,MNRB Holdings Bhd
MIT MK Equity,6609597,Financial,False,Mulpha International Bhd
MPHB MK Equity,B9XQDY2,Financial,False,MPHB Capital Bhd
KNKIB MK Equity,BD2Z8V0,Financial,False,Kenanga Investment Bank Bhd
INS MK Equity,6456221,Financial,False,Insas Bhd
ELK MK Equity,B8CNCY0,Financial,False,ELK-Desa Resources Bhd
MHBS MK Equity,6137311,Financial,False,Manulife Holdings Bhd
PPJACK MK Equity,BPCTJT1,Financial,False,Pappajack Bhd
TIH MK Equity,B95RLP0,Financial,False,Tune Protect Group Bhd
PO MK Equity,6677215,Financial,False,Pacific & Orient Bhd
APX MK Equity,6045942,Financial,False,Apex Equity Holdings Bhd
KUD MK Equity,6497725,Financial,False,Kuchai Development BHD
PWP MK Equity,6424541,Furniture & Wood,False,Priceworth International Bhd
SIGN MK Equity,B2NRG03,Furniture & Wood,False,Signature International Bhd
EFRAME MK Equity,BMWLDM7,Furniture & Wood,False,Econframe Bhd
MIEC MK Equity,6599438,Furniture & Wood,False,Mieco Chipboard BHD
EVF MK Equity,B06HC42,Furniture & Wood,False,Evergreen Fibreboard Bhd
HAVE MK Equity,B05KCS6,Furniture & Wood,False,HeveaBoard Bhd
STH MK Equity,6856865,Furniture & Wood,False,Subur Tiasa Holdings Bhd
FLB MK Equity,B5L7640,Furniture & Wood,False,Focus Lumber Bhd
SKOU MK Equity,6740281,Furniture & Wood,False,Sern Kou Resource Bhd
LHI MK Equity,6286893,Furniture & Wood,False,Lii Hen Industries BHD
PHR MK Equity,6222262,Furniture & Wood,False,Poh Huat Resources Holdings BH
RKI MK Equity,6507550,Furniture & Wood,False,Rhong Khen International BHD
ECOMATE MK Equity,BNRP4H3,Furniture & Wood,False,ECOMATE HOLDINGS BHD
HMCB MK Equity,B63DFW4,Furniture & Wood,False,Homeritz Corp Bhd
CSB MK Equity,B03P5N9,Furniture & Wood,False,Classic Scenic Bhd
YOCB MK Equity,B549KB8,Furniture & Wood,False,Yoong Onn Corp BHD
JAYC MK Equity,6546605,Furniture & Wood,False,Jaycorp Bhd
SYF MK Equity,6211925,Furniture & Wood,False,M & A Equity Holdings Bhd
EUHO MK Equity,B05MXJ0,Furniture & Wood,False,Euro Holdings Bhd
GENT MK Equity,B1VXJL8,Gaming,True,Genting Bhd
GENM MK Equity,B1VXKN7,Gaming,True,Genting Malaysia Bhd
SPTOTO MK Equity,6331566,Gaming,False,Sports Toto Bhd
MAG MK Equity,6609627,Gaming,False,Magnum Bhd
BL MK Equity,B0RY9Y1,Gaming,False,Berjaya Land Bhd
BJAB MK Equity,6374646,Gaming,False,Berjaya Assets BHD
RGB MK Equity,6731036,Gaming,False,RGB International Bhd
CYP MK Equity,B3ZH2K0,Green Tech,False,Cypark Resources Bhd
SOLAR MK Equity,BJCVZH5,Green Tech,False,Solarvest Holdings Bhd
SAMAIDEN MK Equity,BNGCWK4,Green Tech,False,Samaiden Group Bhd
PEKAT MK Equity,BN2QLH0,Green Tech,False,Pekat Group Bhd
IHH MK Equity,B83X6P8,Healthcare,True,IHH Healthcare Bhd
KPJ MK Equity,6493585,Healthcare,True,KPJ Healthcare Bhd
APEX MK Equity,6248826,Healthcare,False,Apex Healthcare Bhd
DBB MK Equity,B01QKV7,Healthcare,True,Duopharma Biotech Bhd
TMCL MK Equity,B0LSTW7,Healthcare,False,TMC Life Sciences Bhd
KTRI MK Equity,6306218,Healthcare,False,Kotra Industries Bhd
KAREX MK Equity,BGCB7B2,Healthcare,False,Karex Bhd
HONGSENG MK Equity,B00STN9,Healthcare,False,Hong Seng Consolidated Bhd
PHRM MK Equity,6180865,Healthcare,False,Pharmaniaga Bhd
OPTIMAX MK Equity,BLBR7K5,Healthcare,False,Optimax Holdings Bhd
MHCARE MK Equity,BD1KFK4,Healthcare,False,Metro Healthcare Bhd
CENGILD MK Equity,BPDWLV5,Healthcare,False,Cengild Medical Bhd
FPHB MK Equity,B3WMH69,Healthcare,False,Focus Point Holdings Bhd
YSP MK Equity,6729837,Healthcare,False,YSP Southeast Asia Holdings Bh
UMC MK Equity,BLB71Q9,Healthcare,False,Umedic Group Bhd
NOVA MK Equity,BG47FH0,Healthcare,False,Nova Wellness Group Bhd
HLI MK Equity,6436308,Industrial,False,Hong Leong Industries Bhd
BOUS MK Equity,6114659,Industrial,False,Boustead Holdings Bhd
BC MK Equity,B0W1VM9,Industrial,True,Berjaya Corp Bhd
COCO MK Equity,B03GWH5,Industrial,False,Coastal Contracts Bhd
HEXIND MK Equity,BJTMRP3,Industrial,False,Hextar Industries Bhd
AME MK Equity,BKRQ635,Industrial,False,AME Elite Consortium Bhd
CBP MK Equity,B09SYR9,Industrial,False,CB Industrial Product Holding
AJY MK Equity,6013002,Industrial,False,Ajiya BHD
CWH MK Equity,B01LS18,Industrial,False,Chin Well Holdings BHD
FAVCO MK Equity,B188WD9,Industrial,False,Favelle Favco Bhd
KUPS MK Equity,6812771,Industrial,False,Kumpulan Perangsang Selangor B
BMHB MK Equity,B65XBS0,Industrial,False,Boilermech Holding Bhd
JSB MK Equity,6458294,Industrial,False,Jentayu Sustainables Bhd
ASB MK Equity,6084707,Industrial,False,Advance Synergy Bhd
PNSR MK Equity,6665577,Industrial,False,Pansar BHD
UULI MK Equity,B03P5K6,Industrial,False,United U-Li Corp BHD
SCGBHD MK Equity,BLF7DK3,Industrial,False,Southern Cable Group Bhd
UGB MK Equity,B01VG47,Industrial,False,Unimech Group Bhd
TECHBND MK Equity,BGKPQG4,Industrial,False,Techbond Group Bhd
JAG MK Equity,6654984,Industrial,False,JAG Bhd
TEX MK Equity,6876960,Industrial,False,Texchem Resources Bhd
NVB MK Equity,B09YCC8,Industrial,False,Notion VTEC Bhd
AWCF MK Equity,6690290,Industrial,False,AWC Bhd
RMH MK Equity,BD8DKF6,Industrial,False,Rhone Ma Holdings Bhd
STC MK Equity,B05LVY8,Industrial,False,Success Transformer Corp Bhd
DSTN MK Equity,B06KJ28,Industrial,False,Destini Bhd
PESONA MK Equity,B00QBW6,Industrial,False,Pesona Metro Holdings Bhd
DOME MK Equity,6707350,Industrial,False,Dominant Enterprise Bhd
HWG MK Equity,6299910,Industrial,False,Ho Wah Genting BHD
PCHEM MK Equity,B5KQGT3,Materials & Metals,True,Petronas Chemicals Group Bhd
PMAH MK Equity,BF0J5S4,Materials & Metals,True,Press Metal Aluminium Holdings
PMBT MK Equity,6711641,Materials & Metals,True,PMB Technology Bhd
SCI MK Equity,B1VZ5G1,Materials & Metals,True,Scientex BHD
TTNP MK Equity,BF3N1G3,Materials & Metals,True,Lotte Chemical Titan Holding B
ANCOMNY MK Equity,6031758,Materials & Metals,False,Ancom Nylex Bhd
SMELT MK Equity,6552282,Materials & Metals,False,Malaysia Smelting Corp Bhd
PER MK Equity,6214106,Materials & Metals,False,Perusahaan Sadur Timah Malaysi
LUXC MK Equity,B39XYQ4,Materials & Metals,False,Luxchem Corp Bhd
PARB MK Equity,B131M00,Materials & Metals,False,PA Resources Bhd
BPP MK Equity,B06B9D2,Materials & Metals,False,BP Plastics Holding Bhd
LEFORM MK Equity,BNM4Y20,Materials & Metals,False,Leform Bhd
SSB MK Equity,6825337,Materials & Metals,False,Southern Steel Bhd
LBA MK Equity,B1W58N8,Materials & Metals,False,LB Aluminium BHD
CBEE MK Equity,6193012,Materials & Metals,False,Choo Bee Metal Industries Bhd
ALC MK Equity,6021953,Materials & Metals,False,Alcom Group Bhd
SCGM MK Equity,B2PFKX6,Materials & Metals,False,SCGM Bhd
ARNK MK Equity,B08GQF6,Materials & Metals,False,A-Rank Bhd
HTVB MK Equity,6685081,Materials & Metals,False,Hiap Teck Venture Bhd
SA MK Equity,6824260,Materials & Metals,False,Southern Acids Malaysia BHD
UNITRAD MK Equity,BNRKLQ6,Materials & Metals,False,Unitrade Industries Bhd
SENFONG MK Equity,BP96HY6,Materials & Metals,False,SENG FONG HOLDINGS BHD
CORAZA MK Equity,BP2RD60,Materials & Metals,False,Coraza Integrated Technology B
HIL MK Equity,B01WHW5,Materials & Metals,False,Hil Industries BHD
SLPR MK Equity,B2Q1KT9,Materials & Metals,False,SLP Resources Bhd
MTAG MK Equity,BJK5171,Materials & Metals,False,MTAG Group Bhd
HHR MK Equity,BPCWYL7,Materials & Metals,False,Hhrg Bhd
ENGT MK Equity,6534451,Materials & Metals,False,Engtex Group Bhd
ASTI MK Equity,6671273,Materials & Metals,False,Astino Bhd
PGF MK Equity,6694247,Materials & Metals,False,PGF Capital Bhd
PP MK Equity,B0217L0,Materials & Metals,False,Public Packages Holdings Bhd
YEWLEE MK Equity,BP81J57,Materials & Metals,False,Yew Lee Pacific Group Bhd
ALR MK Equity,6248183,Materials & Metals,False,Analabs Resources BHD
TWH MK Equity,6284950,Materials & Metals,False,Ta Win Holdings BHD
MTRD MK Equity,B6ZS981,Materials & Metals,False,Metrod Holdings BHD
DPIH MK Equity,BGKBJ52,Materials & Metals,False,DPI Holdings Bhd
WHIT MK Equity,6175407,Materials & Metals,False,White Horse Bhd
HPPHB MK Equity,BLFHKQ8,Materials & Metals,False,HPP Holdings Bhd
BSLC MK Equity,B0LNJK0,Materials & Metals,False,BSL Corp Bhd
HAL MK Equity,B4MLCH9,Materials & Metals,True,Hextar Global Bhd
TGI MK Equity,6087375,Materials & Metals,False,Thong Guan Industries Bhd
SCIPACK MK Equity,6252195,Materials & Metals,False,Scientex Packaging Ayer Keroh
WELL MK Equity,B197XV0,Materials & Metals,False,Wellcall Holdings Bhd
THR MK Equity,6179551,Materials & Metals,False,Tong Herr Resources Bhd
MUD MK Equity,6609230,Materials & Metals,False,Muda Holdings Bhd
IMAS MK Equity,B0WW490,Materials & Metals,False,Imaspro Corp Bhd
RGBH MK Equity,6667261,Materials & Metals,False,RGT BHD
SAHB MK Equity,B602XT7,Materials & Metals,False,Samchem Holdings Bhd
TOMY MK Equity,6898403,Materials & Metals,False,Tomypak Holdings BHD
HEX MK Equity,6644372,Materials & Metals,False,Hexza Corp BHD
ASTRO MK Equity,B7W5GK3,Media & Entertainment,True,Astro Malaysia Holdings Bhd
MPR MK Equity,6812555,Media & Entertainment,False,Media Prima Bhd
STAR MK Equity,6841571,Media & Entertainment,False,Star Media Group Bhd
SASB MK Equity,BP9DM08,Media & Entertainment,False,Sasbadi Holdings Bhd
SDH MK Equity,BYVNW76,Oil & Gas,False,Serba Dinamik Holdings Bhd
DLG MK Equity,B00MRS2,Oil & Gas,True,Dialog Group Bhd
YNS MK Equity,6986717,Oil & Gas,True,Yinson Holdings BHD
BAB MK Equity,B3YX6Q3,Oil & Gas,True,Bumi Armada Bhd
HIBI MK Equity,B5VN637,Oil & Gas,True,Hibiscus Petroleum Bhd
VEB MK Equity,BDFM6W5,Oil & Gas,True,Velesto Energy Bhd
DEHB MK Equity,B142NG5,Oil & Gas,True,Dayang Enterprise Holdings Bhd
MMHE MK Equity,B3W5NN7,Oil & Gas,False,Malaysia Marine and Heavy Engi
SAPE MK Equity,B7GJ601,Oil & Gas,False,Sapura Energy Bhd
WSC MK Equity,6535465,Oil & Gas,False,Wasco Bhd
MUHI MK Equity,6609304,Oil & Gas,False,Muhibbah Engineering M Bhd
PETR MK Equity,B01LS29,Oil & Gas,False,Perdana Petroleum Bhd
DLUM MK Equity,B1Y9MF8,Oil & Gas,False,Deleum Bhd
T7G MK Equity,B09MBH0,Oil & Gas,False,T7 Global Bhd
KUBM MK Equity,6039514,Oil & Gas,False,KUB Malaysia BHD
PENB MK Equity,B2369M3,Oil & Gas,False,Petra Energy Bhd
NHB MK Equity,6691464,Oil & Gas,False,Naim Holdings Bhd
ICON MK Equity,BNBNPL4,Oil & Gas,False,Icon Offshore Bhd
KNMG MK Equity,B02JY46,Oil & Gas,False,KNM Group Bhd
UZMA MK Equity,B3BP9Y1,Oil & Gas,False,Uzma Bhd
CARIP MK Equity,BSL6X92,Oil & Gas,False,Carimin Petroleum Bhd
MARG MK Equity,6725631,Oil & Gas,False,Marine & General Bhd
STRA MK Equity,B081SH7,Oil & Gas,False,Straits Energy Resources Bhd
EATECH MK Equity,BTF7ZK3,Oil & Gas,False,Ea Technique M Bhd
RLEB MK Equity,BMFR151,Oil & Gas,False,Reservoir Link Energy Bhd
SDPL MK Equity,BF6RHY2,Plantation ,True,Sime Darby Plantation Bhd
IOI MK Equity,B1Y3WG1,Plantation ,True,IOI Corp Bhd
PEP MK Equity,6681669,Plantation ,True,PPB Group Bhd
KLK MK Equity,6497446,Plantation ,True,Kuala Lumpur Kepong Bhd
HAP MK Equity,6297743,Plantation ,False,HAP Seng Consolidated Bhd
BAK MK Equity,6084622,Plantation ,False,Batu Kawan Bhd
UPL MK Equity,6917148,Plantation ,True,United Plantations BHD
GENP MK Equity,6057680,Plantation ,False,Genting Plantations Bhd
FGV MK Equity,B8L1DR5,Plantation ,False,FGV Holdings Bhd
FEH MK Equity,6331931,Plantation ,False,FAR East Holdings BHD
SOP MK Equity,6770556,Plantation ,True,Sarawak Oil Palms Bhd
KIML MK Equity,6311148,Plantation ,False,Kim Loong Resources Bhd
BPLANT MK Equity,BNH7MH5,Plantation ,True,Boustead Plantations Bhd
KHP MK Equity,6498717,Plantation ,False,Kretam Holdings BHD
HAPL MK Equity,B28VNR6,Plantation ,False,Hap Seng Plantations Holdings
TAH MK Equity,6183499,Plantation ,True,Ta Ann Holdings Bhd
TSH MK Equity,B053CZ2,Plantation ,True,TSH Resources Bhd
KS MK Equity,6486712,Plantation ,False,Keck Seng Malaysia Bhd
UMR MK Equity,6916684,Plantation ,False,United Malacca Bhd
BLDP MK Equity,6654898,Plantation ,False,BLD Plantation Bhd
CTP MK Equity,6191157,Plantation ,False,Chin Teck Plantations BHD
JT MK Equity,6825531,Plantation ,False,Jaya Tiasa Holdings BHD
INNO MK Equity,6820796,Plantation ,False,Innoprise Plantations BHD
SPLB MK Equity,B23WT10,Plantation ,False,Sarawak Plantation Bhd
FIMA MK Equity,6504368,Plantation ,False,Kumpulan Fima BHD
THP MK Equity,B13JSP1,Plantation ,False,TH Plantations Bhd
HARN MK Equity,6606565,Plantation ,False,Harn Len Corp Bhd
PLS MK Equity,6692326,Plantation ,False,PLS Plantations Bhd
TDM MK Equity,6904021,Plantation ,False,TDM Bhd
RSAW MK Equity,B11FKB1,Plantation ,False,Rimbunan Sawit Bhd
KLR MK Equity,6495633,Plantation ,False,Kluang Rubber Co Malaya BHD
NSOP MK Equity,6628150,Plantation ,False,Negri Sembilan Oil Palms BHD
RRE MK Equity,6742469,Plantation ,False,Riverview Rubber Estates BHD
MAT MK Equity,BYYQB53,Plantation ,False,Matang Bhd
SBR MK Equity,6860684,Plantation ,False,Sungei Bagan Rubber Co Malaya
WTKH MK Equity,6771429,Plantation ,False,WTK Holdings Bhd
NPC MK Equity,6520580,Plantation ,False,NPC Resources BHD
CWG MK Equity,6417176,Plantation ,False,Cepatwawasan Group BHD
MHC MK Equity,6312033,Plantation ,False,MHC Plantations Bhd
GOP MK Equity,6378596,Plantation ,False,Gopeng BHD
SWB MK Equity,B6VGS93,Real Estate Development,False,Sunway Bhd
IOIPG MK Equity,BH7JFJ2,Real Estate Development,False,IOI Properties Group Bhd
UOAD MK Equity,B41LHL9,Real Estate Development,False,UOA Development Bhd
SDPR MK Equity,BF6RHX1,Real Estate Development,False,Sime Darby Property Bhd
TRCB MK Equity,6474137,Real Estate Development,False,Tropicana Corp Bhd
IGBB MK Equity,6874544,Real Estate Development,False,IGB Bhd
YNHB MK Equity,6712365,Real Estate Development,False,YNH Property Bhd
SPSB MK Equity,6868774,Real Estate Development,True,SP Setia Bhd Group
ECW MK Equity,6773737,Real Estate Development,True,Eco World Development Group Bh
OSK MK Equity,6655040,Real Estate Development,False,OSK Holdings Bhd
RSB MK Equity,6742715,Real Estate Development,False,Rapid Synergy Bhd
MCH MK Equity,BB2BGK9,Real Estate Development,True,Matrix Concepts Holdings Bhd
MSGB MK Equity,B1YYNJ4,Real Estate Development,True,Mah Sing Group Bhd
ECWI MK Equity,BD9GJH9,Real Estate Development,False,Eco World International Bhd
UEMS MK Equity,B3FKMY3,Real Estate Development,True,UEM Sunrise Bhd
IDEAL MK Equity,6915603,Real Estate Development,False,Ideal Capital Bhd
LAGENDA MK Equity,6739869,Real Estate Development,False,Lagenda Properties Bhd
HCK MK Equity,6284109,Real Estate Development,False,HCK Capital Group Bhd
TELADAN MK Equity,BLD7LQ7,Real Estate Development,False,Teladan Group Bhd
TANC MK Equity,6472818,Real Estate Development,False,Tanco Holdings Bhd
KSL MK Equity,6433019,Real Estate Development,False,KSL Holdings Bhd
MKH MK Equity,6579678,Real Estate Development,False,MKH Bhd
LBS MK Equity,6431284,Real Estate Development,False,LBS Bina Group Bhd
MEN MK Equity,6577401,Real Estate Development,False,Menang Corp M Bhd
AYER MK Equity,6069061,Real Estate Development,False,Ayer Holdings Bhd
PAR MK Equity,6670236,Real Estate Development,False,Paramount Corp Bhd
EAST MK Equity,6468754,Real Estate Development,False,Eastern & Oriental Bhd
NCT MK Equity,B03P5P1,Real Estate Development,False,NCT Alliance Bhd
GUOL MK Equity,6089360,Real Estate Development,False,GuocoLand Malaysia Bhd
SHLC MK Equity,6787590,Real Estate Development,False,SHL Consolidated Bhd
OIB MK Equity,6660840,Real Estate Development,False,Oriental Interest Bhd
SSR MK Equity,6556723,Real Estate Development,False,Sunsuria Bhd
ECOF MK Equity,6497736,Real Estate Development,False,Ecofirst Consolidated Bhd
IBHD MK Equity,6776598,Real Estate Development,False,I-Bhd
TILB MK Equity,B64J4Y6,Real Estate Development,False,Tambun Indah Land Bhd
PLEN MK Equity,6714800,Real Estate Development,False,Plenitude Bhd
TTJ MK Equity,BGLC5P6,Real Estate Development,False,Titijaya Land Bhd
IWCB MK Equity,6381356,Real Estate Development,False,Iskandar Waterfront City Bhd
CCDO MK Equity,6232777,Real Estate Development,False,Crescendo Corp Bhd
IBRA MK Equity,B01H3N3,Real Estate Development,False,IBRACO Bhd
LGH MK Equity,6365491,Real Estate Development,False,Land & General Bhd
SYML MK Equity,6110668,Real Estate Development,False,Symphony Life Bhd
MCT MK Equity,B3ZKH48,Real Estate Development,False,Avaland Bhd
DBHD MK Equity,6490456,Real Estate Development,False,Damansara Holdings Bhd
MAXIM MK Equity,6666592,Real Estate Development,False,Maxim Global Bhd
JKG MK Equity,6505587,Real Estate Development,False,JKG Land Bhd
GLMC MK Equity,6261652,Real Estate Development,False,Glomac Bhd
DTL MK Equity,B1V7KX9,Real Estate Development,False,DutaLand Bhd
KPPROP MK Equity,6154376,Real Estate Development,False,Kerjaya Prospek Property Bhd
MALT MK Equity,6358598,Real Estate Development,False,Malton Bhd
EWEI MK Equity,B2QG5C2,Real Estate Development,False,Ewein Bhd
MKL MK Equity,6680116,Real Estate Development,False,MK Land Holdings Bhd
SDR MK Equity,6794017,Real Estate Development,False,Selangor Dredging Bhd
TWL MK Equity,6178042,Real Estate Development,False,TWL Holdings Bhd
MAGNA MK Equity,6525790,Real Estate Development,False,Magna Prima Bhd
YGCB MK Equity,6028471,Real Estate Development,False,Y&G Corp Bhd
APH MK Equity,6668963,Real Estate Development,False,Asian Pac Holdings Bhd
MUIP MK Equity,6556778,Real Estate Development,False,MUI Properties Bhd
YTB MK Equity,6091462,Real Estate Development,False,Yong Tai Bhd
PSD MK Equity,6036322,Real Estate Development,False,Pasdec Holdings Bhd
BCB MK Equity,6086509,Real Estate Development,False,BCB Bhd
EUPE MK Equity,6320661,Real Estate Development,False,Eupe Corp Bhd
CVB MK Equity,6523589,Real Estate Development,False,Country View Bhd
GMUT MK Equity,B05KY68,Real Estate Development,False,Gromutual Bhd
GOB MK Equity,6692768,Real Estate Development,False,Global Oriental Bhd
SBC MK Equity,6807272,Real Estate Development,False,SBC Corp Bhd
KEN MK Equity,6489614,Real Estate Development,False,KEN Holdings Bhd
ONC MK Equity,6141635,Real Estate Development,False,OCR Group Bhd
KLCCSS MK Equity,B92NSW7,REIT,False,
IGBREIT MK Equity,B89JCF2,REIT,False,IGB Real Estate Investment Tru
SREIT MK Equity,B62QFR9,REIT,False,Sunway Real Estate Investment
PREIT MK Equity,B79YDV3,REIT,False,Pavilion Real Estate Investmen
AXRB MK Equity,B0CMCL8,REIT,True,Axis Real Estate Investment Tr
YTLREIT MK Equity,B0JVKJ2,REIT,False,YTL Hospitality REIT
CLMT MK Equity,B3RZ1Q1,REIT,False,Capitaland Malaysia Trust
IGBCR MK Equity,BNM87G7,REIT,False,IGB Commercial Real Estate Inv
AQAR MK Equity,B1BL6J9,REIT,False,Al-'Aqar Healthcare REIT
SENTRAL MK Equity,B1M32W9,REIT,False,Sentral REIT
UOAR MK Equity,B0VY4Z3,REIT,False,UOA Real Estate Investment Tru
AMEREIT MK Equity,BPDZNK7,REIT,False,AME Real Estate Investment Tru
KIP MK Equity,BYZLX84,REIT,False,KIP REIT
ATRM MK Equity,B1TDTF4,REIT,False,Atrium Real Estate Investment
HEKT MK Equity,B1KKH50,REIT,False,Hektar Real Estate Investment
AARET MK Equity,B1LJQ04,REIT,False,AmanahRaya Real Estate Investm
SALAM MK Equity,BYWQH24,REIT,False,Al-Salam Real Estate Investmen
ARET MK Equity,B1LB9J0,REIT,False,AmFIRST Real Estate Investment
TRET MK Equity,B11YC23,REIT,False,Tower Real Estate Investment T
TOPG MK Equity,B05L892,Rubber Glove,True,Top Glove Corp Bhd
HART MK Equity,B2QPJK5,Rubber Glove,True,Hartalega Holdings Bhd
KRI MK Equity,B0DD1H9,Rubber Glove,True,Kossan Rubber Industries Bhd
SUCB MK Equity,B1V7L36,Rubber Glove,True,Supermax Corp Bhd
HEXCARE MK Equity,6759254,Rubber Glove,False,Hextar Healthcare Bhd
LSTI MK Equity,6691077,Rubber Glove,False,Luster Industries Bhd
CG MK Equity,B01RN99,Rubber Glove,False,Comfort Glove Bhd
CPG MK Equity,B3WLCQ1,Rubber Glove,False,Careplus Group Bhd
ADV MK Equity,B16TVC6,Rubber Glove,False,Adventa Bhd
MYEG MK Equity,B1KL2D6,Software & Services,True,My EG Services Bhd
CTOS MK Equity,BN7GZ51,Software & Services,True,CTOS Digital Bhd
DSON MK Equity,B8HNYQ1,Software & Services,False,Datasonic Group Bhd
PRTMA MK Equity,6475806,Software & Services,False,Pertama Digital BHD
MICL MK Equity,B16FQW9,Software & Services,False,Microlink Solutions Bhd
GHLS MK Equity,B1Q2KS4,Software & Services,False,GHL Systems Bhd
INFOM MK Equity,BPNTZZ8,Software & Services,False,Infomina Bhd
LGMS MK Equity,BMGBB18,Software & Services,False,LGMS Bhd
SNS MK Equity,BPG51R7,Software & Services,False,SNS Network Technology Bhd
SCIC MK Equity,B0K4GS1,Software & Services,False,Scicom MSC Bhd
KAB MK Equity,BTG8635,Software & Services,False,Kronologi Asia Bhd
ICB MK Equity,6532701,Software & Services,False,Iris Corp Bhd
AWTC MK Equity,B6WFG06,Software & Services,False,Awanbiru Technology Bhd
INFOTEC MK Equity,BMD2T87,Software & Services,False,Infoline Tec Group Bhd
ARTRONIQ MK Equity,6731382,Software & Services,False,Artroniq Bhd
N2N MK Equity,B0RGJD6,Software & Services,False,N2N Connect Bhd
RGTB MK Equity,BG5KMD3,Software & Services,False,Radiant Globaltech Ltd
EFM MK Equity,B055ZL5,Software & Services,False,Excel Force MSC Bhd
AGMO MK Equity,BNNTYX5,Software & Services,False,AGMO HOLDINGS BHD
JCB MK Equity,B03HJ88,Software & Services,False,JcbNext Bhd
WLW MK Equity,6518875,Software & Services,False,Willowglen MSC BHD
CUSC MK Equity,B01ZS76,Software & Services,False,Cuscapi Bhd
REVENUE MK Equity,BDRTXM3,Software & Services,False,Revenue Group Bhd
IFCA MK Equity,6673268,Software & Services,False,IFCA MSC Bhd
EES MK Equity,B05J818,Software & Services,False,Efficient E-Solutions Bhd
CSHB MK Equity,B3SQ4Z3,Software & Services,False,Censof Holdings Bhd
ARBB MK Equity,6740236,Software & Services,False,ARB Bhd
DATA MK Equity,6207731,Software & Services,False,Dataprep Holdings BHD
NOVM MK Equity,6680310,Software & Services,False,Nova MSC Bhd
SYTC MK Equity,B67GVX2,Software & Services,False,Systech Bhd
DYNAFNT MK Equity,BM94VT2,Software & Services,False,Dynafront Holdings Bhd
ECH MK Equity,B04QXQ0,Software & Services,False,Ecobuilt Holdings Bhd
LGB MK Equity,6587121,Software & Services,False,Lambo Group BHD
MNCW MK Equity,B0MYNT9,Software & Services,False,MNC Wireless Bhd
NNCB MK Equity,B0J2LF8,Software & Services,False,Nexgram Holdings Bhd
REDIDEA MK Equity,BYWV8V5,Software & Services,False,Red Ideas Holdings Bhd
AJR MK Equity,6044370,Materials & Metals,False,Ann Joo Resources Bhd
CSCS MK Equity,B05DZD1,Materials & Metals,False,CSC Steel Holdings Bhd
LLB MK Equity,6592921,Materials & Metals,False,Lion Industries Corp Bhd
MSW MK Equity,B064DY0,Materials & Metals,False,Malaysia Steel Works KL Bhd
LEFU MK Equity,BBD7NC7,Materials & Metals,False,Leon Fuat Bhd
PGHB MK Equity,B1RM6F2,Materials & Metals,False,Pantech Group Holdings Bhd
INRI MK Equity,B54JP79,Technology,True,Inari Amertron Bhd
VITRO MK Equity,B0KLDR0,Technology,False,ViTrox Corp Bhd
GREATEC MK Equity,BK0Q1M6,Technology,True,Greatech Technology Bhd
MPI MK Equity,6556693,Technology,True,Malaysian Pacific Industries B
DOGT MK Equity,B05DWZ2,Technology,True,D&O Green Technologies Bhd
FRCB MK Equity,B18TLC4,Technology,True,Frontken Corp Bhd
UNI MK Equity,B05MGY6,Technology,True,Unisem M Bhd
PENT MK Equity,6658317,Technology,True,Pentamaster Corp Bhd
UWC MK Equity,BJ17CJ5,Technology,True,UWC BHD
SEQB MK Equity,6535186,Technology,True,Sam Engineering & Equipment M
GENE MK Equity,B0NLT57,Technology,False,Genetec Technology Bhd
DNEX MK Equity,6891833,Technology,True,Dagang NeXchange Bhd
MI MK Equity,BZ57CS2,Technology,True,Mi Technovation Bhd
DUFU MK Equity,B1SVX57,Technology,False,Dufu Technology Corp Bhd
SCT MK Equity,B02JPH6,Technology,False,Supercomnet Technologies Bhd
JFTB MK Equity,B2QPF74,Technology,False,JF Technology Bhd
GTB MK Equity,B00NYQ2,Technology,False,Globetronics Technology BHD
JHMC MK Equity,B18Z0F8,Technology,False,JHM Consolidation Bhd
VST MK Equity,B4TKFV4,Technology,False,VSTECS Bhd
ECA MK Equity,BP7MNQ0,Technology,False,ECA Integrated Solution Bhd
ELSR MK Equity,B0CL691,Technology,False,Elsoft Research Bhd
JCYH MK Equity,B62JK51,Technology,False,JCY International Bhd
KESM MK Equity,6489755,Technology,False,Kesm Industries Bhd
AIMFLEX MK Equity,BK5PHH5,Technology,False,Aimflex Bhd
AMLS MK Equity,BYNQJ27,Technology,False,Aemulus Holdings Bhd
FPG MK Equity,BY9C4F7,Technology,False,FoundPac Group Bhd
OMST MK Equity,6573175,Technology,False,Omesti Bhd
MKRMB MK Equity,B0VCDT4,Technology,False,Mikro MSC Bhd
GRPB MK Equity,B0984J1,Technology,False,Green Packet Bhd
KGRB MK Equity,B59L1C7,Technology,False,Kelington Group Bhd
CDB MK Equity,6086242,Telecommunication,True,CELCOMDIGI BHD
MAXIS MK Equity,B5387L5,Telecommunication,True,Maxis Bhd
AXIATA MK Equity,B2QZGV5,Telecommunication,True,Axiata Group Bhd
T MK Equity,6868398,Telecommunication,True,Telekom Malaysia Bhd
TDC MK Equity,6336538,Telecommunication,True,TIME dotCom Bhd
OCK MK Equity,B8DB3R3,Telecommunication,False,OCK Group Bhd
RIB MK Equity,6729525,Telecommunication,False,REDtone Digital Bhd
OHB MK Equity,6726861,Telecommunication,False,OPCOM Holdings Bhd
MISC MK Equity,6557997,Transportation,True,MISC Bhd
MAHB MK Equity,6188193,Transportation,True,Malaysia Airports Holdings Bhd
WPRTS MK Equity,BDFM1K8,Transportation,True,Westports Holdings Bhd
CAPITALA MK Equity,B03J9L7,Transportation,False,CAPITAL A BHD
HEXTECH MK Equity,B2477M1,Transportation,True,HextarTechnologies Solutions B
BPH MK Equity,6345697,Transportation,False,Bintulu Port Holdings Bhd
GDX MK Equity,B08TZP8,Transportation,False,GDEX Bhd
PERAK MK Equity,BDGJPP1,Transportation,False,Perak Transit Bhd
TASCO MK Equity,B2NB597,Transportation,False,TASCO Bhd
AAX MK Equity,BB36C61,Transportation,False,AirAsia X Bhd
SHIN MK Equity,B56H333,Transportation,False,Shin Yang Group Bhd
HALG MK Equity,6728782,Transportation,False,Harbour-Link Group Bhd
SURIA MK Equity,6834601,Transportation,False,Suria Capital Holdings Bhd
POSM MK Equity,6965909,Transportation,False,Pos Malaysia BHD
SWIFT MK Equity,BN70TV7,Transportation,False,Swift Haulage Bhd
TNL MK Equity,6892063,Transportation,False,Tiong NAM Logistics Holdings B
FM MK Equity,B063H67,Transportation,False,FM Global Logistics Holdings B
MBC MK Equity,6719128,Transportation,False,Malaysian Bulk Carriers Bhd
CLH MK Equity,6363763,Transportation,False,CJ Century Logistics Holdings
HUBL MK Equity,6301503,Transportation,False,Hubline Bhd
TRO MK Equity,6882097,Transportation,False,Transocean Holdings BHD
TNB MK Equity,6904612,Utilities,True,Tenaga Nasional Bhd
PTG MK Equity,6703972,Utilities,True,Petronas Gas Bhd
YTLP MK Equity,B01GQS6,Utilities,False,YTL Power International Bhd
GMB MK Equity,B8FL1M2,Utilities,True,Gas Malaysia Bhd
MLK MK Equity,BWXN162,Utilities,False,Malakoff Corp Bhd
MFCB MK Equity,6575740,Utilities,False,Mega First Corp BHD
TWK MK Equity,B0DQSM2,Utilities,False,Taliworks Corp Bhd
RAHH MK Equity,BD0CP78,Utilities,False,Ranhill Utilities Bhd
JAK MK Equity,B01R1Y0,Utilities,False,JAKS Resources Bhd
PBAH MK Equity,6510354,Utilities,False,PBA Holdings BHD
PEST MK Equity,B8095F2,Utilities,False,PESTECH International Bhd
SALC MK Equity,6791427,Utilities,False,Salcon Bhd
RTEC MK Equity,6788816,Utilities,False,Rohas Tecnic Bhd
